{"camera_matrix": [[589.9126263504527, 0.0, 329.8245202516472], [0.0, 657.5940420850322, 254.77857928122447], [0.0, 0.0, 1.0]], "dist_coeffs": [[0.20908456902568978, 0.14403910339643922, -0.003217685456397866, 0.01655720302236586, -2.753668638070506]]}